All,Ei + Alpha + Dipole,Alpha + Dipole,Alpha + Dipole + Pi
poly,0.6962360203923987,0.6962360203923987,0.6417587753608565,0.6417587753608565
svr,0.2770146666911646,0.2770146666911646,0.3932414232805395,0.3932414232805395
xgb,0.3881262520438416,0.40823103274246614,0.37589793661949483,0.42072919654855384
nn,0.3640514884320428,0.3640514884320428,0.3077872245554799,0.3077872245554799
stacked,0.37012426009409927,0.3786716205623839,0.3623938613073818,0.34392677590658993
