All,Ei + Alpha + Dipole,Alpha + Dipole,Alpha + Dipole + Pi
poly,0.4825107217694006,0.4825107217694006,0.46335725707580977,0.46335725707580977
svr,0.3563138059936414,0.3563138059936414,0.46097181644971974,0.46097181644971974
xgb,0.3210148473180056,0.3324928769631271,0.36710719708558337,0.3585627950437669
nn,0.40678997414662066,0.40678997414662066,0.4090450983699598,0.4090450983699598
stacked,0.32709805170163586,0.3403037252718951,0.37837541154190923,0.3762070136437986
