All,Ei + Alpha + Dipole,Alpha + Dipole,Alpha + Dipole + Pi
poly,0.5407343077897174,,,
svr,0.40221108419822976,,,
xgb,0.2534800511804198,,,
nn,0.32477868844961166,,,
stacked,0.3306791618118954,,,
