All,Ei + Alpha + Dipole,Alpha + Dipole,Alpha + Dipole + Pi
poly,0.19661566873017636,,,
svr,0.09495798411558867,,,
xgb,0.08513981164395842,,,
nn,0.04422766313025827,,,
stacked,0.062078313483693984,,,
