All,Ei + Alpha, Pi + Alpha,Pi + Ei
poly,1.154768069275422,1.154768069275422,0.7529154685970102,1.0812645982404843
svr,0.8928645264314812,0.8928645264314812,1.6477153827630453,0.4426002412146164
xgb,0.6198925076200174,0.6323442101320148,1.2533727622848703,0.41905369199977666
nn,0.7916288940829748,0.7916288940829748,0.9005588587109992,0.5444281129947408
stacked,0.5292485599392383,0.5489415348653933,0.998328016176653,0.5852379471945547
