All,Ei + Alpha, Pi + Alpha,Pi + Ei
poly,0.3119297021406684,0.3119297021406684,0.006650744690136751,0.7529737281875992
svr,0.6597993935197541,0.6597993935197541,0.9164558333322546,0.26006841271706765
xgb,0.5199591663875235,0.33843863452335066,0.6392059000772409,0.7389010162128059
nn,0.09184960795696809,0.09184960795696809,0.08109014748027421,0.31609034536546216
stacked,0.15834253479984664,0.06140345693040398,0.3465308874722169,0.14179857462807482
