All,Ei + Alpha, Pi + Alpha,Pi + Ei
poly,0.578823403123041,0.578823403123041,0.75262255803355,0.9801337245813936
svr,1.1560175264128287,1.1560175264128287,2.0463522523386066,0.6659098295879903
xgb,1.044061380383109,0.9683363161129331,1.336672881692795,0.9637935422469409
nn,0.6995634523451953,0.6995634523451953,1.0003612301715734,1.1320166640805083
stacked,0.550543660535045,0.533469435600811,1.1356939268996424,0.7531024423777509
