All,Ei + Alpha, Pi + Alpha,Pi + Ei
svr,0.48191111889568095,0.953997636291452,1.022429690673284,0.161891141170717
poly,0.2564888806285801,0.691095439377708,1.02200797893174,0.18987035193277543
xgb,0.6198925076200174,0.6323442101320148,1.2533727622848703,0.41905369199977666
nn,0.5061587208931257,0.6151882173981061,1.5389643509846578,0.2769349621204251
stacked,0.41982786316831355,0.6755251874519973,1.0804061675468952,0.22380922465511205
