All,Ei + Alpha, Pi + Alpha,Pi + Ei
poly,0.942737477181792,0.942737477181792,0.7529154685970104,0.773547798968278
svr,0.45310222913127324,0.45310222913127324,1.0532684684959306,0.27747104672597744
xgb,0.09654891958234811,0.21225514467978188,1.192041680148042,0.10674560881418634
nn,0.3715344890863192,0.3715344890863192,0.7704382061215918,0.4276099464627519
stacked,0.39286780571677554,0.4076244752245091,0.8399239250999253,0.3541975119321609
