All,Ei + Alpha, Pi + Alpha,Pi + Ei
svr,0.5265497639688039,0.9610753334149635,1.2715638345113516,0.45829190311139323
poly,0.7539364898971267,0.7465780862731102,0.9783564291005794,0.6453247856342541
xgb,0.8482818073022681,1.0829468390158223,0.9111777761615171,0.5627059711741039
nn,0.38266888057143644,1.1700022798251357,1.2542726659828134,0.4502129087680733
stacked,0.51639674670516,0.9637088664367367,1.0491296945006066,0.44623398654245516
