All,Ei + Alpha, Pi + Alpha,Pi + Ei
poly,0.5065853688564923,0.5065853688564923,0.041429823439906054,
svr,0.561966050592953,0.561966050592953,0.22879181688205724,
xgb,0.5670685964968056,0.5591232316514637,0.15715386475600407,
nn,0.19093032342701438,0.19093032342701438,0.11503312905143286,
stacked,0.1552517395213868,0.03345436665188335,0.08780841278661228,
