All,Ei + Alpha, Pi + Alpha,Pi + Ei
poly,0.7616930102720925,0.7616930102720925,0.7136092334898851,1.286221914044016
svr,1.1121789013166918,1.1121789013166918,1.6205248607297793,0.7896205976741256
xgb,0.8482818073022681,1.0829468390158223,0.9111777761615171,0.5627059711741039
nn,1.0144955897229375,1.0144955897229375,1.1898378324857686,1.0103105204411285
stacked,0.8255994379986558,0.8765459909258764,1.0121566771431816,0.7740610697109563
