All,Ei + Alpha, Pi + Alpha,Pi + Ei
poly,1.4206457292506869,1.4206457292506869,0.7741548378499991,
svr,2.15162576083144,2.15162576083144,2.6782673409687967,
xgb,1.776001470297871,2.24713237688689,2.000902292505255,
nn,0.8606485158595198,0.8606485158595198,0.9770304912679973,
stacked,1.320766477770348,1.392919969736201,1.3926563963802074,
