All,Ei + Alpha, Pi + Alpha,Pi + Ei
poly,0.6288427822131298,0.6288427822131298,0.021271926986633202,0.3800638557670153
svr,0.8919874017743911,0.8919874017743911,1.2434399981063806,0.08152735815461241
xgb,0.21512316671115636,0.19187766259515873,0.07870726918740119,0.0630623816010621
nn,0.10704673523530957,0.10704673523530957,0.0758629068802946,0.07190770943586355
stacked,0.1949858681544731,0.2127906177649931,0.3061580495677064,0.06110699749729838
