All,Ei + Alpha, Pi + Alpha,Pi + Ei
poly,1.5116396474125497,1.5116396474125497,0.7136092334898851,1.144176534880096
svr,1.30863947832246,1.30863947832246,1.6205248607297793,0.6907097311704077
xgb,0.9426680533400129,0.9694174411579095,0.9111777761615171,0.48994236086299336
nn,0.8241145045528079,0.8241145045528079,1.1898378324857686,0.7469727896825279
stacked,0.7833081259063541,0.7772521883327903,1.0121566771431816,0.5876030900026261
