All,Ei + Alpha, Pi + Alpha,Pi + Ei
poly,1.4707437750118135,1.4707437750118135,0.76878872610816,
svr,1.8871294977666802,1.8871294977666802,2.528690523565306,
xgb,1.1813525512397078,1.5324433292470754,1.7471711071740421,
nn,0.7980130735026392,0.7980130735026392,0.9932794985682006,
stacked,1.1098638224682766,1.193933433794925,1.3043065919635317,
