All,Ei + Alpha, Pi + Alpha,Pi + Ei
poly,0.9771435871379527,0.9771435871379527,0.7161249489674736,0.7667500072528275
svr,0.8631582413836888,0.8631582413836888,1.5072328713646634,0.35946874816921665
xgb,0.2203852356034916,0.3867049964565031,0.6567904095671265,0.06423052795990239
nn,0.4798999854575878,0.4798999854575878,0.7652317556633419,0.4858874672903067
stacked,0.46883090162926305,0.5047961951856057,0.8043873115081803,0.3505792775622458
