Ei + Alpha + Dipole + Pi,Ei + Alpha + Dipole,Alpha + Dipole,Alpha + Dipole + Pi
poly,0.3394850863170443,0.46425097692321204,0.378854101010223,0.3461219471999981
svr,0.39193147066430084,0.243229256546421,0.46167123622067213,0.45193206654499096
xgb,0.3881262520438416,0.40823103274246614,0.37589793661949483,0.42072919654855384
nn,0.3358242253799695,0.32024742289922375,0.3159456315984355,0.34294739424110326
stacked,0.28365751273310796,0.3180783045019024,0.34540803908815176,0.3376966466601964
