Ei + Alpha + Pi,Ei + Alpha,Pi + Ei,Pi + Alpha
svr,0.11928626496024645,0.09669527785352315,0.208631383230435,0.04494031591945314
poly,0.11607174279379051,0.054725408503166484,0.23085919135156385,0.046295757799046156
xgb,0.14296544468281486,0.15193054396918926,0.07870726918740119,0.03240818417857172
nn,0.05433764393023015,0.17177915858979814,0.11483638125578374,0.056980343364350615
stacked,0.07159968886000548,0.07989057933121796,0.1396721074922913,0.022846591378023223
