Ei + Alpha + Dipole + Pi,Ei + Alpha + Dipole,Alpha + Dipole,Alpha + Dipole + Pi
poly,0.3470499220251377,0.5040248465377545,0.3650544642875731,0.3441594007058143
svr,0.3504179712992437,0.5823934342922048,0.41412166937948564,0.31663555664822896
xgb,0.3106855463025898,0.47699949614122367,0.4384711290856459,0.428689951218051
nn,0.5304828493332466,0.47781604866104355,0.4053688631875019,0.38694928568717324
stacked,0.33952457372057016,0.44514328761862665,0.36097725716597645,0.3256863613147857
