Feature Importance,Models,Feature
0,0.12178566808920457,poly,Ei
1,0.35276835361624154,poly,Alpha
2,0.525445978294554,poly,Dipole
3,0.1665332810678953,svr,Ei
4,0.3232552192734823,svr,Alpha
5,0.5102114996586224,svr,Dipole
6,0.16820670033411791,xgb,Ei
7,0.3130673130006,xgb,Alpha
8,0.5187259866652821,xgb,Dipole
9,0.12662129640364175,nn,Ei
10,0.41130189947515344,nn,Alpha
11,0.4620768041212048,nn,Dipole
12,0.11020390543349916,stk,Ei
13,0.36450618379533667,stk,Alpha
14,0.5252899107711642,stk,Dipole
