All,Ei + Alpha,Pi + Ei,Pi + Alpha
svr,0.5626601962334903,0.932495725147756,1.2715638345113516,0.4636680943493121
poly,0.5271616330798463,1.011789946258571,0.9783564291005794,0.3870707482702535
xgb,0.9426680533400129,0.9694174411579095,0.9111777761615171,0.48994236086299336
nn,0.3190289668897709,0.8486709838753951,1.2542726659828134,0.4234874674772652
stacked,0.488580156572951,0.9063687251534667,1.0491296945006066,0.38828184628509954
