Feature Importance,Models,Feature
0,0.5204224040576245,poly,Alpha
1,0.47957759594237553,poly,Dipole
2,0.49103630983069263,svr,Alpha
3,0.5089636901693074,svr,Dipole
4,0.5334620712463657,xgb,Alpha
5,0.4665379287536343,xgb,Dipole
6,0.543396524885343,nn,Alpha
7,0.4566034751146572,nn,Dipole
8,0.5231397773758378,stk,Alpha
9,0.47686022262416217,stk,Dipole
