Feature Importance,Models,Feature
0,0.4579622849848884,poly,Alpha
1,0.5420377150151116,poly,Dipole
2,0.43464227125100774,svr,Alpha
3,0.5653577287489921,svr,Dipole
4,0.44604406106558964,xgb,Alpha
5,0.5539559389344104,xgb,Dipole
6,0.47651775309387345,nn,Alpha
7,0.5234822469061267,nn,Dipole
8,0.45060691362415856,stk,Alpha
9,0.5493930863758415,stk,Dipole
