Feature Importance,Models,Feature
0,0.3284812063901753,poly,Alpha
1,0.6715187936098246,poly,Pi Bond
2,0.6985199284168869,svr,Alpha
3,0.301480071583113,svr,Pi Bond
4,0.9867807251428431,xgb,Alpha
5,0.013219274857156946,xgb,Pi Bond
6,,nn,Alpha
7,,nn,Pi Bond
8,0.5514738921880192,stk,Alpha
9,0.44852610781198077,stk,Pi Bond
