Feature Importance,Models,Feature
0,0.3836600157283491,poly,Alpha
1,0.6163399842716508,poly,Dipole
2,0.33148627193681335,svr,Alpha
3,0.6685137280631867,svr,Dipole
4,0.3827444940165978,xgb,Alpha
5,0.6172555059834022,xgb,Dipole
6,0.3620426175999571,nn,Alpha
7,0.6379573824000428,nn,Dipole
8,0.3535481820884838,stk,Alpha
9,0.6464518179115162,stk,Dipole
