Feature Importance,Models,Feature
0,0.3699354536947292,poly,Alpha
1,0.6300645463052708,poly,Dipole
2,0.34300748296363903,svr,Alpha
3,0.6569925170363611,svr,Dipole
4,0.36975265947490366,xgb,Alpha
5,0.6302473405250963,xgb,Dipole
6,0.33914978343123886,nn,Alpha
7,0.6608502165687612,nn,Dipole
8,0.35233128345030523,stk,Alpha
9,0.6476687165496948,stk,Dipole
