Feature Importance,Models,Feature
0,0.011030432071807917,poly,Ei
1,0.9889695679281921,poly,Alpha
2,0.19330350410289124,svr,Ei
3,0.8066964958971087,svr,Alpha
4,0.15516388186505745,xgb,Ei
5,0.8448361181349425,xgb,Alpha
6,0.2911182533665623,nn,Ei
7,0.7088817466334377,nn,Alpha
8,0.16196641464018488,stk,Ei
9,0.8380335853598151,stk,Alpha
