Feature Importance,Models,Feature
0,0.23248171883827762,poly,Ei
1,0.7675182811617224,poly,Alpha
2,0.3589825075425466,svr,Ei
3,0.6410174924574534,svr,Alpha
4,0.41577969247929475,xgb,Ei
5,0.5842203075207053,xgb,Alpha
6,0.04637001454367536,nn,Ei
7,0.9536299854563246,nn,Alpha
8,0.19864066002607766,stk,Ei
9,0.8013593399739224,stk,Alpha
