All,Ei + Alpha + Dipole,Alpha + Dipole,Alpha + Dipole + Pi
poly,0.3816169012142542,0.40817149239902617,0.4397779870839945,0.36241992956045177
svr,0.3722855703366005,0.45154742194714037,0.40325889648710095,0.3113668315278778
xgb,0.3495746942536971,0.4283511111015931,0.4045930496834371,0.42470780806998204
nn,0.43206059361313176,0.4712378601949698,0.45919747240776243,0.36946945853204294
stacked,0.358361515647983,0.4094826968942272,0.3590919704126355,0.3376255106677962
