All,Ei + Alpha + Dipole,Alpha + Dipole,Alpha + Dipole + Pi
poly,0.13388658430780945,0.31323167618370135,0.31420842348302896,0.15075932489300123
svr,0.11420843047782447,0.3214152962879503,0.28823696874867466,0.16483013578469047
xgb,0.019128789267939744,0.18315415578802016,0.24908257722370702,0.06603032125471309
nn,0.16638714704518315,0.30877117154064304,0.35982471487698897,0.18395966274186143
stacked,0.09289211835132057,0.2402924163348731,0.26265431721176075,0.12176600407720603
