Ei + Alpha + Dipole + Pi,Ei + Alpha + Dipole,Alpha + Dipole,Alpha + Dipole + Pi
poly,0.03594376316479147,0.09462819493735575,0.01449638235108769,0.02708731906140731
svr,0.04920750217675,0.10326148416809167,0.06855520515288882,0.04581440384097872
xgb,0.01186539542026693,0.14420853285362673,0.10822898951471387,0.07283818643465381
nn,0.03908859630954578,0.1025117870534289,0.02999794094115395,0.03480876543140829
stacked,0.021083414214291968,0.0682388289305341,0.025745611676764597,0.01872725251978666
