Feature Importance,Models,Feature
0,0.42210661185593246,poly,Ei
1,0.5778933881440674,poly,Pi Bond
2,0.4539395365101293,svr,Ei
3,0.5460604634898708,svr,Pi Bond
4,0.64263932826542,xgb,Ei
5,0.35736067173458,xgb,Pi Bond
6,0.45695398936121495,nn,Ei
7,0.543046010638785,nn,Pi Bond
8,0.4757938991247982,stk,Ei
9,0.5242061008752017,stk,Pi Bond
