Feature Importance,Models,Feature
0,0.2990348077154012,poly,Ei
1,0.7009651922845989,poly,Pi Bond
2,0.49263235151502843,svr,Ei
3,0.5073676484849715,svr,Pi Bond
4,0.5160734786290443,xgb,Ei
5,0.4839265213709557,xgb,Pi Bond
6,0.2585645157160945,nn,Ei
7,0.7414354842839055,nn,Pi Bond
8,0.35122376916004916,stk,Ei
9,0.6487762308399507,stk,Pi Bond
