Feature Importance,Models,Propriedade Molecular
0,0.2990348077154012,Regressão Polinomial,Ei
1,0.7009651922845989,Regressão Polinomial,Pi Bond
2,0.49263235151502843,SVR,Ei
3,0.5073676484849715,SVR,Pi Bond
4,0.5160734786290443,XGBoost,Ei
5,0.4839265213709557,XGBoost,Pi Bond
6,0.2585645157160945,RNA,Ei
7,0.7414354842839055,RNA,Pi Bond
8,0.35122376916004916,Modelo Ensemble,Ei
9,0.6487762308399507,Modelo Ensemble,Pi Bond
