Feature Importance,Models,Feature
0,0.2990348077154012,poly,Ei
1,0.7009651922845989,poly,Pi Bond
2,0.4840644476861524,svr,Ei
3,0.5159355523138476,svr,Pi Bond
4,0.34810977512245767,xgb,Ei
5,0.6518902248775423,xgb,Pi Bond
6,,nn,Ei
7,,nn,Pi Bond
8,0.3284925745087841,stk,Ei
9,0.6715074254912159,stk,Pi Bond
