All,Ei + Alpha + Dipole,Alpha + Dipole,Alpha + Dipole + Pi
poly,0.03594376316479147,0.09462819493735575,,
svr,0.04920750217675,0.10326148416809167,,
xgb,0.01186539542026693,0.14420853285362673,,
nn,0.03908859630954578,0.1025117870534289,,
stacked,0.021083414214291968,0.0682388289305341,,
