All,Ei + Alpha + Dipole,Alpha + Dipole,Alpha + Dipole + Pi
poly,0.21522768591456254,0.59951976322566,,
svr,0.2637070494491611,0.8449949146977472,,
xgb,0.3707633288011138,0.46625315229407355,,
nn,0.2651304380493411,0.5395860301353854,,
stacked,0.20004305807890682,0.5689972952765208,,
