All,Ei + Alpha + Dipole,Alpha + Dipole,Alpha + Dipole + Pi
poly,0.21522768591456254,0.59951976322566,0.40209977427513055,0.1948498644656363
svr,0.2637070494491611,0.8449949146977472,0.4947970364806629,0.3224539525264279
xgb,0.3707633288011138,0.46625315229407355,0.45758771584252605,0.42899479400471935
nn,0.2651304380493411,0.5395860301353854,0.4866719311209929,0.27756173245267757
stacked,0.20004305807890682,0.5689972952765208,0.4197662330536388,0.25201924179440144
