Ei + Alpha + Dipole + Pi,Ei + Alpha + Dipole,Alpha + Dipole,Alpha + Dipole + Pi
poly,0.21082548173705434,0.37934916226101334,0.3418258538616912,0.21546225384446754
svr,0.30554898698809535,0.3320233910124897,0.5175891612008552,0.3099075827789245
xgb,0.2534800511804198,0.28095193456433815,0.375393804398327,0.38918509783051913
nn,0.25414449947241724,0.36906263979140397,0.3820350294391228,0.2892566927193675
stacked,0.20760978021595328,0.25242155094465124,0.3620969116592002,0.26572150677665424
