Ei + Alpha + Dipole + Pi,Ei + Alpha + Dipole,Alpha + Dipole,Alpha + Dipole + Pi
poly,0.04015840135318259,0.0645863294941017,0.04732163041640888,0.028024175970920048
svr,0.04554471292505048,0.09860471101211107,0.07169204740656772,0.05296075184883793
xgb,0.08448985542434541,0.09701518253090224,0.12207928634381904,0.1202839267045733
nn,0.03330044381247955,0.037604917227583495,0.030880955938545507,0.0224321322378829
stacked,0.02107599113717569,0.042577032896824574,0.04535351511247971,0.032925251271705924
