Ei + Alpha + Dipole + Pi,Ei + Alpha + Dipole,Alpha + Dipole,Alpha + Dipole + Pi
poly,0.33213497166191974,0.4477577797951195,0.4083421828570664,0.44089747751790986
svr,0.36387664020415356,0.4118322651507619,0.4351820676343802,0.4140239721744264
xgb,0.3210148473180056,0.3324928769631271,0.36710719708558337,0.3585627950437669
nn,0.3440934470386112,0.36273379993593047,0.3611304984549407,0.3683702957459811
stacked,0.28770241348225734,0.3325173805703944,0.3590381502466007,0.3595235085012145
